"","rho","correlation","pval","samples","num_nodes","pearson_r"
"1",0.394625698914751,0.393248650469908,0.014,7700,200,0.28
"2",0.394625698914751,0.39549801191325,0.79,7700,200,0.28
"3",0.394625698914751,0.397836200174435,0.001,7700,200,0.28
"4",0.394625698914751,0.393306738208105,0.021,7700,200,0.28
"5",0.394625698914751,0.396748048928858,0.361,7700,200,0.28
"6",0.394625698914751,0.391955711974474,0.6,7700,200,0.28
"7",0.394625698914751,0.399661393735132,0.139,7700,200,0.28
"8",0.394625698914751,0.39428910788337,0.112,7700,200,0.28
"9",0.394625698914751,0.38986637182043,0.001,7700,200,0.28
"10",0.394625698914751,0.399504241347353,0.014,7700,200,0.28
"11",0.394625698914751,0.396842285708748,0.37,7700,200,0.28
"12",0.394625698914751,0.399334861486923,0.224,7700,200,0.28
"13",0.394625698914751,0.387871788847772,0.064,7700,200,0.28
"14",0.394625698914751,0.395755717012006,0.97,7700,200,0.28
"15",0.394625698914751,0.396069356924659,0.026,7700,200,0.28
"16",0.394625698914751,0.401564961915953,0.146,7700,200,0.28
"17",0.394625698914751,0.400668404371414,0.973,7700,200,0.28
"18",0.394625698914751,0.391222368793619,0.001,7700,200,0.28
"19",0.394625698914751,0.397067975279459,0.977,7700,200,0.28
"20",0.394625698914751,0.400318567225033,0.022,7700,200,0.28
"21",0.394625698914751,0.390701095683636,0.746,7700,200,0.28
"22",0.394625698914751,0.391067891484745,0.111,7700,200,0.28
"23",0.394625698914751,0.394972560022664,0.496,7700,200,0.28
"24",0.394625698914751,0.389203926218184,0.024,7700,200,0.28
"25",0.394625698914751,0.38934894095487,0.906,7700,200,0.28
"26",0.394625698914751,0.392110019079924,0.917,7700,200,0.28
"27",0.394625698914751,0.392309366901668,0,7700,200,0.28
"28",0.394625698914751,0.399217818698123,0.215,7700,200,0.28
"29",0.394625698914751,0.398221352416888,0.094,7700,200,0.28
"30",0.394625698914751,0.395491318507753,0.018,7700,200,0.28
"31",0.394625698914751,0.394093601822856,0.266,7700,200,0.28
"32",0.394625698914751,0.39560900903919,0.291,7700,200,0.28
"33",0.394625698914751,0.393598918392358,0.424,7700,200,0.28
"34",0.394625698914751,0.396645448937255,0.024,7700,200,0.28
"35",0.394625698914751,0.395858918285015,0.206,7700,200,0.28
"36",0.394625698914751,0.394650555511271,0.867,7700,200,0.28
"37",0.394625698914751,0.397495475166357,0.042,7700,200,0.28
"38",0.394625698914751,0.394574704719025,0.024,7700,200,0.28
"39",0.394625698914751,0.390564452766174,0.026,7700,200,0.28
"40",0.394625698914751,0.398581591043533,0.004,7700,200,0.28
"41",0.394625698914751,0.386469064377738,0.003,7700,200,0.28
"42",0.394625698914751,0.39351177444741,0.174,7700,200,0.28
"43",0.394625698914751,0.40240474812221,0.021,7700,200,0.28
"44",0.394625698914751,0.388101104766221,0.672,7700,200,0.28
"45",0.394625698914751,0.394729713293065,0.009,7700,200,0.28
"46",0.394625698914751,0.398482924121784,0.005,7700,200,0.28
"47",0.394625698914751,0.390552516378693,0.006,7700,200,0.28
"48",0.394625698914751,0.396269726639494,0.238,7700,200,0.28
"49",0.394625698914751,0.402623447824169,0.118,7700,200,0.28
"50",0.394625698914751,0.396034272606263,0.013,7700,200,0.28
"51",0.394625698914751,0.395055070633248,0.757,7700,200,0.28
"52",0.394625698914751,0.397217792518116,0.006,7700,200,0.28
"53",0.394625698914751,0.395523297689191,0.368,7700,200,0.28
"54",0.394625698914751,0.39183772216191,0.013,7700,200,0.28
"55",0.394625698914751,0.396546212530048,0.056,7700,200,0.28
"56",0.394625698914751,0.398277775739074,0.168,7700,200,0.28
"57",0.394625698914751,0.394726438823614,0.271,7700,200,0.28
"58",0.394625698914751,0.401692824676639,0.208,7700,200,0.28
"59",0.394625698914751,0.393149180890549,0.013,7700,200,0.28
"60",0.394625698914751,0.395227825747407,0.362,7700,200,0.28
"61",0.394625698914751,0.391874518800933,0.361,7700,200,0.28
"62",0.394625698914751,0.398136573113386,0.881,7700,200,0.28
"63",0.394625698914751,0.396226195810461,0.35,7700,200,0.28
"64",0.394625698914751,0.393130959768279,0.44,7700,200,0.28
"65",0.394625698914751,0.394577482289487,0.26,7700,200,0.28
"66",0.394625698914751,0.395680927186899,0.004,7700,200,0.28
"67",0.394625698914751,0.398384269192937,0.082,7700,200,0.28
"68",0.394625698914751,0.396938516816774,0.025,7700,200,0.28
"69",0.394625698914751,0.393045604828962,0.004,7700,200,0.28
"70",0.394625698914751,0.395645326049478,0.298,7700,200,0.28
"71",0.394625698914751,0.393854217142537,0.937,7700,200,0.28
"72",0.394625698914751,0.405399871344028,0,7700,200,0.28
"73",0.394625698914751,0.3919274311479,0.006,7700,200,0.28
"74",0.394625698914751,0.396469885426665,0.183,7700,200,0.28
"75",0.394625698914751,0.397815918399439,0.044,7700,200,0.28
"76",0.394625698914751,0.391553047026921,0.012,7700,200,0.28
"77",0.394625698914751,0.393432785642054,0.283,7700,200,0.28
"78",0.394625698914751,0.397404076702709,0.031,7700,200,0.28
"79",0.394625698914751,0.391519159677082,0.098,7700,200,0.28
"80",0.394625698914751,0.398202675694166,0.038,7700,200,0.28
"81",0.394625698914751,0.399966102408313,0.053,7700,200,0.28
"82",0.394625698914751,0.390325473903786,0.409,7700,200,0.28
"83",0.394625698914751,0.399103875622328,0.77,7700,200,0.28
"84",0.394625698914751,0.39371567900116,0.006,7700,200,0.28
"85",0.394625698914751,0.397089711657294,0.55,7700,200,0.28
"86",0.394625698914751,0.396907969668235,0.02,7700,200,0.28
"87",0.394625698914751,0.398032830312403,0.079,7700,200,0.28
"88",0.394625698914751,0.39408016410554,0.905,7700,200,0.28
"89",0.394625698914751,0.400374904296313,0.035,7700,200,0.28
"90",0.394625698914751,0.39614572585451,0.489,7700,200,0.28
"91",0.394625698914751,0.396752423472912,0.589,7700,200,0.28
"92",0.394625698914751,0.396535944636314,0.244,7700,200,0.28
"93",0.394625698914751,0.39588989605648,0.089,7700,200,0.28
"94",0.394625698914751,0.394020361498523,0.492,7700,200,0.28
"95",0.394625698914751,0.394671679506091,0.714,7700,200,0.28
"96",0.394625698914751,0.397161100049226,0.049,7700,200,0.28
"97",0.394625698914751,0.4059819367164,0.014,7700,200,0.28
"98",0.394625698914751,0.393892757112767,0.012,7700,200,0.28
"99",0.394625698914751,0.39956197453457,0.356,7700,200,0.28
"100",0.394625698914751,0.39512813907239,0.005,7700,200,0.28
"101",0.653015460353345,0.655129422154779,0,7300,200,0.28
"102",0.653015460353345,0.654626670358846,0.017,7300,200,0.28
"103",0.653015460353345,0.656520882416781,0.052,7300,200,0.28
"104",0.653015460353345,0.654255077838564,0.001,7300,200,0.28
"105",0.653015460353345,0.655700955615355,0.021,7300,200,0.28
"106",0.653015460353345,0.654133707550501,0,7300,200,0.28
"107",0.653015460353345,0.653867882620947,0.019,7300,200,0.28
"108",0.653015460353345,0.648257675867793,0.096,7300,200,0.28
"109",0.653015460353345,0.651252200898107,0.001,7300,200,0.28
"110",0.653015460353345,0.651991440717456,0,7300,200,0.28
"111",0.653015460353345,0.649811882262734,0.027,7300,200,0.28
"112",0.653015460353345,0.653654857859665,0,7300,200,0.28
"113",0.653015460353345,0.652981286304202,0.011,7300,200,0.28
"114",0.653015460353345,0.650574001739426,0.01,7300,200,0.28
"115",0.653015460353345,0.654561771076865,0.046,7300,200,0.28
"116",0.653015460353345,0.655949330205962,0.04,7300,200,0.28
"117",0.653015460353345,0.657167573196371,0.01,7300,200,0.28
"118",0.653015460353345,0.654101764346974,0,7300,200,0.28
"119",0.653015460353345,0.65380056888254,0.007,7300,200,0.28
"120",0.653015460353345,0.650497792058909,0.038,7300,200,0.28
"121",0.653015460353345,0.652907151091139,0.004,7300,200,0.28
"122",0.653015460353345,0.652003888307724,0.02,7300,200,0.28
"123",0.653015460353345,0.649312519323336,0.002,7300,200,0.28
"124",0.653015460353345,0.654748789886068,0.001,7300,200,0.28
"125",0.653015460353345,0.659974772904101,0.116,7300,200,0.28
"126",0.653015460353345,0.648082102151126,0.007,7300,200,0.28
"127",0.653015460353345,0.650046451981798,0.021,7300,200,0.28
"128",0.653015460353345,0.649321641291804,0.009,7300,200,0.28
"129",0.653015460353345,0.649469915586964,0.067,7300,200,0.28
"130",0.653015460353345,0.650837152753887,0.018,7300,200,0.28
"131",0.653015460353345,0.652952888692477,0.036,7300,200,0.28
"132",0.653015460353345,0.65571222106736,0.005,7300,200,0.28
"133",0.653015460353345,0.653435099648884,0.602,7300,200,0.28
"134",0.653015460353345,0.654380445550903,0.006,7300,200,0.28
"135",0.653015460353345,0.656230119916379,0.096,7300,200,0.28
"136",0.653015460353345,0.656654753457849,0.007,7300,200,0.28
"137",0.653015460353345,0.651345124391574,0.001,7300,200,0.28
"138",0.653015460353345,0.654733834969214,0.003,7300,200,0.28
"139",0.653015460353345,0.649545423392548,0.469,7300,200,0.28
"140",0.653015460353345,0.652275745746389,0.004,7300,200,0.28
"141",0.653015460353345,0.651992615019997,0.002,7300,200,0.28
"142",0.653015460353345,0.656436479428105,0.503,7300,200,0.28
"143",0.653015460353345,0.652666815636672,0.004,7300,200,0.28
"144",0.653015460353345,0.654851553387061,0,7300,200,0.28
"145",0.653015460353345,0.64770076307844,0.054,7300,200,0.28
"146",0.653015460353345,0.653776259436472,0.046,7300,200,0.28
"147",0.653015460353345,0.652409702749519,0.016,7300,200,0.28
"148",0.653015460353345,0.650735144182498,0.04,7300,200,0.28
"149",0.653015460353345,0.655738849437695,0.09,7300,200,0.28
"150",0.653015460353345,0.652215200916048,0,7300,200,0.28
"151",0.653015460353345,0.652234492051143,0.195,7300,200,0.28
"152",0.653015460353345,0.654972507000596,0,7300,200,0.28
"153",0.653015460353345,0.653139333591126,0.47,7300,200,0.28
"154",0.653015460353345,0.651630652115866,0.149,7300,200,0.28
"155",0.653015460353345,0.652461859257492,0.014,7300,200,0.28
"156",0.653015460353345,0.655947370290889,0.603,7300,200,0.28
"157",0.653015460353345,0.653626643074313,0.002,7300,200,0.28
"158",0.653015460353345,0.652411558637441,0.01,7300,200,0.28
"159",0.653015460353345,0.65390301578381,0,7300,200,0.28
"160",0.653015460353345,0.651115221009075,0.016,7300,200,0.28
"161",0.653015460353345,0.653365737394844,0.004,7300,200,0.28
"162",0.653015460353345,0.652634786727389,0.001,7300,200,0.28
"163",0.653015460353345,0.647372774401882,0,7300,200,0.28
"164",0.653015460353345,0.653900169287397,0,7300,200,0.28
"165",0.653015460353345,0.652932705846823,0.017,7300,200,0.28
"166",0.653015460353345,0.649315640161744,0.053,7300,200,0.28
"167",0.653015460353345,0.654807545560206,0.144,7300,200,0.28
"168",0.653015460353345,0.651718482941819,0.011,7300,200,0.28
"169",0.653015460353345,0.651858946347421,0.132,7300,200,0.28
"170",0.653015460353345,0.653305911067973,0.002,7300,200,0.28
"171",0.653015460353345,0.65173680599951,0,7300,200,0.28
"172",0.653015460353345,0.648437818766633,0.003,7300,200,0.28
"173",0.653015460353345,0.654662559428126,0,7300,200,0.28
"174",0.653015460353345,0.650252131253101,0.119,7300,200,0.28
"175",0.653015460353345,0.656979370876005,0.005,7300,200,0.28
"176",0.653015460353345,0.654269535492902,0.01,7300,200,0.28
"177",0.653015460353345,0.648664975772232,0.001,7300,200,0.28
"178",0.653015460353345,0.653350247283338,0.199,7300,200,0.28
"179",0.653015460353345,0.650447745262844,0,7300,200,0.28
"180",0.653015460353345,0.648981837961293,0.062,7300,200,0.28
"181",0.653015460353345,0.651629415982228,0,7300,200,0.28
"182",0.653015460353345,0.652101662788829,0.067,7300,200,0.28
"183",0.653015460353345,0.650491954618539,0,7300,200,0.28
"184",0.653015460353345,0.646759997120972,0,7300,200,0.28
"185",0.653015460353345,0.658686929486551,0.086,7300,200,0.28
"186",0.653015460353345,0.656481993932521,0.108,7300,200,0.28
"187",0.653015460353345,0.650652433057107,0.267,7300,200,0.28
"188",0.653015460353345,0.648628080953697,0.878,7300,200,0.28
"189",0.653015460353345,0.648614338282212,0.004,7300,200,0.28
"190",0.653015460353345,0.656569402931418,0.004,7300,200,0.28
"191",0.653015460353345,0.645868879569872,0.057,7300,200,0.28
"192",0.653015460353345,0.651006796544542,0.016,7300,200,0.28
"193",0.653015460353345,0.647807359660604,0.005,7300,200,0.28
"194",0.653015460353345,0.654665530724279,0.001,7300,200,0.28
"195",0.653015460353345,0.650307502928139,0.288,7300,200,0.28
"196",0.653015460353345,0.650804375919502,0.003,7300,200,0.28
"197",0.653015460353345,0.65182533665505,0.005,7300,200,0.28
"198",0.653015460353345,0.653931380246572,0.068,7300,200,0.28
"199",0.653015460353345,0.650562152651993,0.337,7300,200,0.28
"200",0.653015460353345,0.653101155940245,0,7300,200,0.28
"201",0.86144854570739,0.865917524196087,0.01,600,100,0.425
"202",0.86144854570739,0.865257287165411,0,600,100,0.425
"203",0.86144854570739,0.86554191081627,0.001,600,100,0.425
"204",0.86144854570739,0.863715253797928,0,600,100,0.425
"205",0.86144854570739,0.864325005447543,0,600,100,0.425
"206",0.86144854570739,0.863125290930356,0,600,100,0.425
"207",0.86144854570739,0.86104354103062,0.001,600,100,0.425
"208",0.86144854570739,0.86089860520095,0,600,100,0.425
"209",0.86144854570739,0.862827584213472,0.001,600,100,0.425
"210",0.86144854570739,0.862799063866287,0,600,100,0.425
"211",0.86144854570739,0.864467689226535,0.01,600,100,0.425
"212",0.86144854570739,0.863050412166788,0,600,100,0.425
"213",0.86144854570739,0.858933371845066,0,600,100,0.425
"214",0.86144854570739,0.862991403952044,0.001,600,100,0.425
"215",0.86144854570739,0.865705480537118,0,600,100,0.425
"216",0.86144854570739,0.86203314684727,0,600,100,0.425
"217",0.86144854570739,0.859588975027494,0,600,100,0.425
"218",0.86144854570739,0.861739938830662,0,600,100,0.425
"219",0.86144854570739,0.863838612455145,0,600,100,0.425
"220",0.86144854570739,0.86469190051947,0,600,100,0.425
"221",0.86144854570739,0.861872450539866,0,600,100,0.425
"222",0.86144854570739,0.863511324309307,0.016,600,100,0.425
"223",0.86144854570739,0.86228130120215,0.005,600,100,0.425
"224",0.86144854570739,0.86156670736901,0,600,100,0.425
"225",0.86144854570739,0.864404129218594,0,600,100,0.425
"226",0.86144854570739,0.863986803062278,0.009,600,100,0.425
"227",0.86144854570739,0.861360651310346,0.057,600,100,0.425
"228",0.86144854570739,0.860955113804596,0,600,100,0.425
"229",0.86144854570739,0.861065050687775,0.036,600,100,0.425
"230",0.86144854570739,0.865796165047923,0,600,100,0.425
"231",0.86144854570739,0.864487769448759,0,600,100,0.425
"232",0.86144854570739,0.859953279836221,0.003,600,100,0.425
"233",0.86144854570739,0.86312566467153,0,600,100,0.425
"234",0.86144854570739,0.864710710356368,0,600,100,0.425
"235",0.86144854570739,0.860326320647555,0,600,100,0.425
"236",0.86144854570739,0.861842245726969,0.038,600,100,0.425
"237",0.86144854570739,0.864295491246949,0.004,600,100,0.425
"238",0.86144854570739,0.861710542173424,0,600,100,0.425
"239",0.86144854570739,0.862744190129224,0.001,600,100,0.425
"240",0.86144854570739,0.860721015897013,0,600,100,0.425
"241",0.86144854570739,0.861295533897479,0,600,100,0.425
"242",0.86144854570739,0.866242057395308,0,600,100,0.425
"243",0.86144854570739,0.862606249732634,0,600,100,0.425
"244",0.86144854570739,0.863308965918439,0.009,600,100,0.425
"245",0.86144854570739,0.865600086070129,0.005,600,100,0.425
"246",0.86144854570739,0.861075217897492,0.003,600,100,0.425
"247",0.86144854570739,0.864508711072254,0.011,600,100,0.425
"248",0.86144854570739,0.863208025204341,0.065,600,100,0.425
"249",0.86144854570739,0.861057981322461,0.002,600,100,0.425
"250",0.86144854570739,0.862495077031063,0,600,100,0.425
"251",0.86144854570739,0.865406900149653,0.001,600,100,0.425
"252",0.86144854570739,0.863765869436265,0,600,100,0.425
"253",0.86144854570739,0.860230252441828,0,600,100,0.425
"254",0.86144854570739,0.862638739735937,0.001,600,100,0.425
"255",0.86144854570739,0.863165530959778,0.007,600,100,0.425
"256",0.86144854570739,0.86542091710623,0,600,100,0.425
"257",0.86144854570739,0.863817775932086,0,600,100,0.425
"258",0.86144854570739,0.865555111972316,0,600,100,0.425
"259",0.86144854570739,0.861097091025316,0.001,600,100,0.425
"260",0.86144854570739,0.866469285572798,0,600,100,0.425
"261",0.86144854570739,0.86501436023328,0,600,100,0.425
"262",0.86144854570739,0.86295123669048,0.017,600,100,0.425
"263",0.86144854570739,0.858771971310973,0.001,600,100,0.425
"264",0.86144854570739,0.860978176047087,0,600,100,0.425
"265",0.86144854570739,0.863376333777147,0,600,100,0.425
"266",0.86144854570739,0.864950005153176,0,600,100,0.425
"267",0.86144854570739,0.865802874242024,0.012,600,100,0.425
"268",0.86144854570739,0.865132566954478,0,600,100,0.425
"269",0.86144854570739,0.863945653546646,0,600,100,0.425
"270",0.86144854570739,0.863201975019893,0,600,100,0.425
"271",0.86144854570739,0.868552443689664,0,600,100,0.425
"272",0.86144854570739,0.864392629939823,0.019,600,100,0.425
"273",0.86144854570739,0.86297101523332,0.002,600,100,0.425
"274",0.86144854570739,0.860680192115719,0,600,100,0.425
"275",0.86144854570739,0.865187687258095,0,600,100,0.425
"276",0.86144854570739,0.862501238569311,0,600,100,0.425
"277",0.86144854570739,0.865945859636749,0,600,100,0.425
"278",0.86144854570739,0.862868162374622,0.006,600,100,0.425
"279",0.86144854570739,0.863771115114602,0.047,600,100,0.425
"280",0.86144854570739,0.86157553377736,0.016,600,100,0.425
"281",0.86144854570739,0.859762729207185,0,600,100,0.425
"282",0.86144854570739,0.866579211383536,0,600,100,0.425
"283",0.86144854570739,0.863271916887005,0,600,100,0.425
"284",0.86144854570739,0.862402023378011,0.001,600,100,0.425
"285",0.86144854570739,0.863649055196608,0.03,600,100,0.425
"286",0.86144854570739,0.863457271592645,0,600,100,0.425
"287",0.86144854570739,0.86241787330086,0,600,100,0.425
"288",0.86144854570739,0.867467166845703,0,600,100,0.425
"289",0.86144854570739,0.858127597934778,0.013,600,100,0.425
"290",0.86144854570739,0.863053560854043,0,600,100,0.425
"291",0.86144854570739,0.861978216979557,0,600,100,0.425
"292",0.86144854570739,0.865490333259111,0,600,100,0.425
"293",0.86144854570739,0.865320084686867,0.018,600,100,0.425
"294",0.86144854570739,0.865416618716838,0,600,100,0.425
"295",0.86144854570739,0.864331433012103,0,600,100,0.425
"296",0.86144854570739,0.863841479088766,0,600,100,0.425
"297",0.86144854570739,0.861851696585838,0.001,600,100,0.425
"298",0.86144854570739,0.865887235989461,0.142,600,100,0.425
"299",0.86144854570739,0.865228225069502,0,600,100,0.425
"300",0.86144854570739,0.865473193282984,0,600,100,0.425
"301",0.452283960999921,0.484308359216834,0.009,6100,20,0.72
"302",0.452283960999921,0.432804692296361,0.325,6100,20,0.72
"303",0.452283960999921,0.472587014370164,0.245,6100,20,0.72
"304",0.452283960999921,0.471859829613193,0.445,6100,20,0.72
"305",0.452283960999921,0.451172487620052,0.046,6100,20,0.72
"306",0.452283960999921,0.463320247502553,0.142,6100,20,0.72
"307",0.452283960999921,0.426603445040492,0.181,6100,20,0.72
"308",0.452283960999921,0.478473675018063,0.031,6100,20,0.72
"309",0.452283960999921,0.484330077458255,0.665,6100,20,0.72
"310",0.452283960999921,0.398081930871816,0.195,6100,20,0.72
"311",0.452283960999921,0.474600591803998,0.081,6100,20,0.72
"312",0.452283960999921,0.47352167036587,0.174,6100,20,0.72
"313",0.452283960999921,0.43128459672442,0.627,6100,20,0.72
"314",0.452283960999921,0.505347650538166,0.716,6100,20,0.72
"315",0.452283960999921,0.510400243059575,0.161,6100,20,0.72
"316",0.452283960999921,0.381366969895691,0.01,6100,20,0.72
"317",0.452283960999921,0.565518081831743,0.975,6100,20,0.72
"318",0.452283960999921,0.450872136714072,0.064,6100,20,0.72
"319",0.452283960999921,0.445979826291273,0.087,6100,20,0.72
"320",0.452283960999921,0.462310618143177,0.038,6100,20,0.72
"321",0.452283960999921,0.401084847573368,0.173,6100,20,0.72
"322",0.452283960999921,0.443634289010521,0.223,6100,20,0.72
"323",0.452283960999921,0.483843698075503,0.24,6100,20,0.72
"324",0.452283960999921,0.480598367929354,0.099,6100,20,0.72
"325",0.452283960999921,0.450011504270775,0.699,6100,20,0.72
"326",0.452283960999921,0.421263379380013,0.45,6100,20,0.72
"327",0.452283960999921,0.38366189024123,0.019,6100,20,0.72
"328",0.452283960999921,0.467115968155043,0.186,6100,20,0.72
"329",0.452283960999921,0.383477713708946,0.308,6100,20,0.72
"330",0.452283960999921,0.447799872645642,0.413,6100,20,0.72
"331",0.452283960999921,0.512999757781349,0.043,6100,20,0.72
"332",0.452283960999921,0.538194274108158,0.146,6100,20,0.72
"333",0.452283960999921,0.447424370325748,0.787,6100,20,0.72
"334",0.452283960999921,0.43255954671258,0.032,6100,20,0.72
"335",0.452283960999921,0.447285075493187,0.457,6100,20,0.72
"336",0.452283960999921,0.479501376142571,0.089,6100,20,0.72
"337",0.452283960999921,0.484577379110446,0.005,6100,20,0.72
"338",0.452283960999921,0.42874129388779,0.12,6100,20,0.72
"339",0.452283960999921,0.507053585045132,0.155,6100,20,0.72
"340",0.452283960999921,0.474080029792686,0.373,6100,20,0.72
"341",0.452283960999921,0.439497590236644,0.041,6100,20,0.72
"342",0.452283960999921,0.531211343783596,0.509,6100,20,0.72
"343",0.452283960999921,0.483094245270472,0.038,6100,20,0.72
"344",0.452283960999921,0.489800608764414,0.304,6100,20,0.72
"345",0.452283960999921,0.46935057580046,0.259,6100,20,0.72
"346",0.452283960999921,0.405261423434291,0.162,6100,20,0.72
"347",0.452283960999921,0.45310427025904,0.19,6100,20,0.72
"348",0.452283960999921,0.456507322576306,0.242,6100,20,0.72
"349",0.452283960999921,0.441468630028792,0.645,6100,20,0.72
"350",0.452283960999921,0.382117651473263,0.965,6100,20,0.72
"351",0.452283960999921,0.465163483023509,0.309,6100,20,0.72
"352",0.452283960999921,0.476894242749006,0.187,6100,20,0.72
"353",0.452283960999921,0.553989601761135,0.235,6100,20,0.72
"354",0.452283960999921,0.461462197648751,0.2,6100,20,0.72
"355",0.452283960999921,0.398142094246445,0.562,6100,20,0.72
"356",0.452283960999921,0.460478969363819,0.102,6100,20,0.72
"357",0.452283960999921,0.495884091700654,0.358,6100,20,0.72
"358",0.452283960999921,0.479379879800249,0.026,6100,20,0.72
"359",0.452283960999921,0.469516846492234,0.015,6100,20,0.72
"360",0.452283960999921,0.536905289012757,0.065,6100,20,0.72
"361",0.452283960999921,0.448992156240361,0.847,6100,20,0.72
"362",0.452283960999921,0.422269524859353,0.878,6100,20,0.72
"363",0.452283960999921,0.481062106479238,0.731,6100,20,0.72
"364",0.452283960999921,0.453528034423433,0.413,6100,20,0.72
"365",0.452283960999921,0.400144815316338,0.279,6100,20,0.72
"366",0.452283960999921,0.449744350812915,0.001,6100,20,0.72
"367",0.452283960999921,0.49511442580118,0.099,6100,20,0.72
"368",0.452283960999921,0.387065060682732,0.061,6100,20,0.72
"369",0.452283960999921,0.433164567966723,0.125,6100,20,0.72
"370",0.452283960999921,0.46342583757737,0.163,6100,20,0.72
"371",0.452283960999921,0.392117365858685,0.001,6100,20,0.72
"372",0.452283960999921,0.510136131247413,0.299,6100,20,0.72
"373",0.452283960999921,0.454734044371034,0.935,6100,20,0.72
"374",0.452283960999921,0.407022824823818,0.153,6100,20,0.72
"375",0.452283960999921,0.526978298522591,0.099,6100,20,0.72
"376",0.452283960999921,0.438993240388003,0.053,6100,20,0.72
"377",0.452283960999921,0.454890920048411,0.516,6100,20,0.72
"378",0.452283960999921,0.434919473772425,0.524,6100,20,0.72
"379",0.452283960999921,0.477574425588964,0.629,6100,20,0.72
"380",0.452283960999921,0.511500444427418,0.2,6100,20,0.72
"381",0.452283960999921,0.463256540105867,0.732,6100,20,0.72
"382",0.452283960999921,0.486401264065478,0.193,6100,20,0.72
"383",0.452283960999921,0.43200505131934,0,6100,20,0.72
"384",0.452283960999921,0.493090939517061,0.17,6100,20,0.72
"385",0.452283960999921,0.424016477633386,0.44,6100,20,0.72
"386",0.452283960999921,0.470819286302444,0.273,6100,20,0.72
"387",0.452283960999921,0.442287652261112,0.35,6100,20,0.72
"388",0.452283960999921,0.424971168351795,0.762,6100,20,0.72
"389",0.452283960999921,0.500915918350825,0.812,6100,20,0.72
"390",0.452283960999921,0.434105409343902,0.555,6100,20,0.72
"391",0.452283960999921,0.418895534103517,0.019,6100,20,0.72
"392",0.452283960999921,0.395270653861461,0.067,6100,20,0.72
"393",0.452283960999921,0.449392791240909,0.105,6100,20,0.72
"394",0.452283960999921,0.472704779625126,0.338,6100,20,0.72
"395",0.452283960999921,0.455208268378758,0.054,6100,20,0.72
"396",0.452283960999921,0.483907086022416,0.006,6100,20,0.72
"397",0.452283960999921,0.495117788741669,0.17,6100,20,0.72
"398",0.452283960999921,0.375654386379219,0.437,6100,20,0.72
"399",0.452283960999921,0.445762333736344,0.263,6100,20,0.72
"400",0.452283960999921,0.453130497544337,0.165,6100,20,0.72
"401",0.681783322477713,0.682635658246221,0.075,1700,200,0.28
"402",0.681783322477713,0.68331172477707,0,1700,200,0.28
"403",0.681783322477713,0.680157293848332,0.003,1700,200,0.28
"404",0.681783322477713,0.674778494036673,0.001,1700,200,0.28
"405",0.681783322477713,0.680349853931134,0.042,1700,200,0.28
"406",0.681783322477713,0.682434470532976,0.01,1700,200,0.28
"407",0.681783322477713,0.683799709802408,0.001,1700,200,0.28
"408",0.681783322477713,0.681640861195709,0,1700,200,0.28
"409",0.681783322477713,0.678966516589539,0.064,1700,200,0.28
"410",0.681783322477713,0.682034803678927,0,1700,200,0.28
"411",0.681783322477713,0.678984386122303,0,1700,200,0.28
"412",0.681783322477713,0.679360438525504,0.016,1700,200,0.28
"413",0.681783322477713,0.683134284404469,0.099,1700,200,0.28
"414",0.681783322477713,0.682292399876296,0.095,1700,200,0.28
"415",0.681783322477713,0.684933600528143,0.121,1700,200,0.28
"416",0.681783322477713,0.679381180658572,0,1700,200,0.28
"417",0.681783322477713,0.679459924697916,0.112,1700,200,0.28
"418",0.681783322477713,0.680030749227502,0.035,1700,200,0.28
"419",0.681783322477713,0.684239586757561,0.069,1700,200,0.28
"420",0.681783322477713,0.684356736176465,0.001,1700,200,0.28
"421",0.681783322477713,0.6802318022777,0,1700,200,0.28
"422",0.681783322477713,0.683333491476173,0.086,1700,200,0.28
"423",0.681783322477713,0.679946131061974,0.117,1700,200,0.28
"424",0.681783322477713,0.677792163840284,0,1700,200,0.28
"425",0.681783322477713,0.681993352516484,0.001,1700,200,0.28
"426",0.681783322477713,0.680470503875512,0,1700,200,0.28
"427",0.681783322477713,0.677902129919858,0.005,1700,200,0.28
"428",0.681783322477713,0.68235717357973,0.125,1700,200,0.28
"429",0.681783322477713,0.682071061136798,0,1700,200,0.28
"430",0.681783322477713,0.681045036421366,0.029,1700,200,0.28
"431",0.681783322477713,0.679234328612655,0.002,1700,200,0.28
"432",0.681783322477713,0.679242505796944,0.017,1700,200,0.28
"433",0.681783322477713,0.681428018161007,0,1700,200,0.28
"434",0.681783322477713,0.681895001938708,0.015,1700,200,0.28
"435",0.681783322477713,0.675602567435286,0.041,1700,200,0.28
"436",0.681783322477713,0.683148579845934,0.045,1700,200,0.28
"437",0.681783322477713,0.681695078372298,0,1700,200,0.28
"438",0.681783322477713,0.683900305047184,0.003,1700,200,0.28
"439",0.681783322477713,0.683446872434703,0.185,1700,200,0.28
"440",0.681783322477713,0.680457617563165,0.061,1700,200,0.28
"441",0.681783322477713,0.680026230469512,0,1700,200,0.28
"442",0.681783322477713,0.67696040141398,0.002,1700,200,0.28
"443",0.681783322477713,0.678715049743015,0.003,1700,200,0.28
"444",0.681783322477713,0.683570445809865,0.043,1700,200,0.28
"445",0.681783322477713,0.682465784889119,0.052,1700,200,0.28
"446",0.681783322477713,0.67993309637901,0.029,1700,200,0.28
"447",0.681783322477713,0.681979301531413,0.014,1700,200,0.28
"448",0.681783322477713,0.680345027333384,0.022,1700,200,0.28
"449",0.681783322477713,0.683100501407602,0,1700,200,0.28
"450",0.681783322477713,0.683041136802396,0.052,1700,200,0.28
"451",0.681783322477713,0.680454136580469,0,1700,200,0.28
"452",0.681783322477713,0.679430727801242,0.252,1700,200,0.28
"453",0.681783322477713,0.679541822921101,0.003,1700,200,0.28
"454",0.681783322477713,0.684249636518262,0.06,1700,200,0.28
"455",0.681783322477713,0.682179622246929,0,1700,200,0.28
"456",0.681783322477713,0.680676204935163,0.052,1700,200,0.28
"457",0.681783322477713,0.681145906772034,0.001,1700,200,0.28
"458",0.681783322477713,0.683345288018468,0.004,1700,200,0.28
"459",0.681783322477713,0.683233322531651,0.002,1700,200,0.28
"460",0.681783322477713,0.68167650179889,0,1700,200,0.28
"461",0.681783322477713,0.679802769721789,0.164,1700,200,0.28
"462",0.681783322477713,0.683097004308619,0.008,1700,200,0.28
"463",0.681783322477713,0.676937222339468,0,1700,200,0.28
"464",0.681783322477713,0.680648153976265,0.002,1700,200,0.28
"465",0.681783322477713,0.679291677360054,0.006,1700,200,0.28
"466",0.681783322477713,0.681976351708212,0,1700,200,0.28
"467",0.681783322477713,0.6838065357868,0.007,1700,200,0.28
"468",0.681783322477713,0.683655759503323,0,1700,200,0.28
"469",0.681783322477713,0.679073974882737,0.475,1700,200,0.28
"470",0.681783322477713,0.679374132030965,0.025,1700,200,0.28
"471",0.681783322477713,0.677748993545775,0.043,1700,200,0.28
"472",0.681783322477713,0.684616162526089,0,1700,200,0.28
"473",0.681783322477713,0.682433140804791,0.045,1700,200,0.28
"474",0.681783322477713,0.682338181284476,0.021,1700,200,0.28
"475",0.681783322477713,0.67902052369575,0.172,1700,200,0.28
"476",0.681783322477713,0.679625102731644,0.001,1700,200,0.28
"477",0.681783322477713,0.680298483341171,0.001,1700,200,0.28
"478",0.681783322477713,0.686765569073171,0.003,1700,200,0.28
"479",0.681783322477713,0.681456650207262,0.036,1700,200,0.28
"480",0.681783322477713,0.680543863213028,0,1700,200,0.28
"481",0.681783322477713,0.681098533988666,0.321,1700,200,0.28
"482",0.681783322477713,0.682003695616733,0,1700,200,0.28
"483",0.681783322477713,0.682728477320548,0.001,1700,200,0.28
"484",0.681783322477713,0.677739044171173,0.001,1700,200,0.28
"485",0.681783322477713,0.684150998369501,0.172,1700,200,0.28
"486",0.681783322477713,0.682485814833709,0.025,1700,200,0.28
"487",0.681783322477713,0.678841552545343,0,1700,200,0.28
"488",0.681783322477713,0.682282557049362,0.034,1700,200,0.28
"489",0.681783322477713,0.682949844871255,0.002,1700,200,0.28
"490",0.681783322477713,0.681511763377863,0.002,1700,200,0.28
"491",0.681783322477713,0.678769137298819,0.224,1700,200,0.28
"492",0.681783322477713,0.678007456842955,0.001,1700,200,0.28
"493",0.681783322477713,0.681714314296737,0.07,1700,200,0.28
"494",0.681783322477713,0.684851843334678,0.012,1700,200,0.28
"495",0.681783322477713,0.679612815601446,0,1700,200,0.28
"496",0.681783322477713,0.681285861208224,0.016,1700,200,0.28
"497",0.681783322477713,0.681883369351204,0,1700,200,0.28
"498",0.681783322477713,0.680251222079113,0.04,1700,200,0.28
"499",0.681783322477713,0.683526078613889,0.104,1700,200,0.28
"500",0.681783322477713,0.684640574672127,0.044,1700,200,0.28
"501",0.159231318393722,0.178191107726222,0.512,2000,50,0.56
"502",0.159231318393722,0.157526688063598,0.683,2000,50,0.56
"503",0.159231318393722,0.15559722002067,0.097,2000,50,0.56
"504",0.159231318393722,0.179445034004889,0.588,2000,50,0.56
"505",0.159231318393722,0.130041904048803,0.423,2000,50,0.56
"506",0.159231318393722,0.205276174814344,0.684,2000,50,0.56
"507",0.159231318393722,0.128525531833646,0.074,2000,50,0.56
"508",0.159231318393722,0.176270169341653,0.098,2000,50,0.56
"509",0.159231318393722,0.169249750302492,0.526,2000,50,0.56
"510",0.159231318393722,0.163622589405576,0.913,2000,50,0.56
"511",0.159231318393722,0.183669395631972,0.193,2000,50,0.56
"512",0.159231318393722,0.15241458006279,0.529,2000,50,0.56
"513",0.159231318393722,0.153359499207917,0.344,2000,50,0.56
"514",0.159231318393722,0.14925299393332,0.835,2000,50,0.56
"515",0.159231318393722,0.166807391177283,0.392,2000,50,0.56
"516",0.159231318393722,0.187513819465829,0.558,2000,50,0.56
"517",0.159231318393722,0.182388145322894,0.507,2000,50,0.56
"518",0.159231318393722,0.146669085247232,0.538,2000,50,0.56
"519",0.159231318393722,0.171550371633074,0.999,2000,50,0.56
"520",0.159231318393722,0.20328410973596,0.984,2000,50,0.56
"521",0.159231318393722,0.171466373281306,0.021,2000,50,0.56
"522",0.159231318393722,0.187684545864234,0.891,2000,50,0.56
"523",0.159231318393722,0.174092526075959,0.279,2000,50,0.56
"524",0.159231318393722,0.156372403595964,0.203,2000,50,0.56
"525",0.159231318393722,0.165639232484058,0.623,2000,50,0.56
"526",0.159231318393722,0.159888052774162,0.868,2000,50,0.56
"527",0.159231318393722,0.159668854831259,0.486,2000,50,0.56
"528",0.159231318393722,0.152440612492394,0.356,2000,50,0.56
"529",0.159231318393722,0.15533888860399,0.851,2000,50,0.56
"530",0.159231318393722,0.166894325762851,0.093,2000,50,0.56
"531",0.159231318393722,0.150948229675512,0.052,2000,50,0.56
"532",0.159231318393722,0.126572818302728,0.016,2000,50,0.56
"533",0.159231318393722,0.167391514598522,0.858,2000,50,0.56
"534",0.159231318393722,0.151848387918081,0.076,2000,50,0.56
"535",0.159231318393722,0.156842576454872,0.38,2000,50,0.56
"536",0.159231318393722,0.173692272443291,0.094,2000,50,0.56
"537",0.159231318393722,0.160460020993202,0.134,2000,50,0.56
"538",0.159231318393722,0.149474700417495,0.907,2000,50,0.56
"539",0.159231318393722,0.174669505107399,0.09,2000,50,0.56
"540",0.159231318393722,0.149517852894887,0.01,2000,50,0.56
"541",0.159231318393722,0.144108512516438,0.431,2000,50,0.56
"542",0.159231318393722,0.161941249822535,0.872,2000,50,0.56
"543",0.159231318393722,0.134282523419772,0.644,2000,50,0.56
"544",0.159231318393722,0.171512016676904,0.141,2000,50,0.56
"545",0.159231318393722,0.148535608628159,0.054,2000,50,0.56
"546",0.159231318393722,0.169662583865061,0.472,2000,50,0.56
"547",0.159231318393722,0.18794591986491,0.476,2000,50,0.56
"548",0.159231318393722,0.135499930016588,0.073,2000,50,0.56
"549",0.159231318393722,0.137644962132873,0.125,2000,50,0.56
"550",0.159231318393722,0.176822249468501,0.036,2000,50,0.56
"551",0.159231318393722,0.177054937170509,0.428,2000,50,0.56
"552",0.159231318393722,0.176161410939659,0.3,2000,50,0.56
"553",0.159231318393722,0.142901677045353,0.782,2000,50,0.56
"554",0.159231318393722,0.144149620918438,0.462,2000,50,0.56
"555",0.159231318393722,0.135433650903853,0.385,2000,50,0.56
"556",0.159231318393722,0.192926225329208,0.951,2000,50,0.56
"557",0.159231318393722,0.180400457590373,0.132,2000,50,0.56
"558",0.159231318393722,0.153224657849023,0.841,2000,50,0.56
"559",0.159231318393722,0.1321151813433,0.126,2000,50,0.56
"560",0.159231318393722,0.189489445166312,0.166,2000,50,0.56
"561",0.159231318393722,0.160859754287188,0.596,2000,50,0.56
"562",0.159231318393722,0.180462005456695,0.912,2000,50,0.56
"563",0.159231318393722,0.142377973603269,0.083,2000,50,0.56
"564",0.159231318393722,0.151355276051302,0.249,2000,50,0.56
"565",0.159231318393722,0.152304811854349,0.486,2000,50,0.56
"566",0.159231318393722,0.152959786119362,0.059,2000,50,0.56
"567",0.159231318393722,0.192349826246599,0.355,2000,50,0.56
"568",0.159231318393722,0.167554030394678,0.576,2000,50,0.56
"569",0.159231318393722,0.180345776296106,0.897,2000,50,0.56
"570",0.159231318393722,0.175298704366837,0.023,2000,50,0.56
"571",0.159231318393722,0.169171554998128,0.349,2000,50,0.56
"572",0.159231318393722,0.168596437618451,0.115,2000,50,0.56
"573",0.159231318393722,0.176203499712761,0.721,2000,50,0.56
"574",0.159231318393722,0.158597846695838,0.805,2000,50,0.56
"575",0.159231318393722,0.15057773563649,0.591,2000,50,0.56
"576",0.159231318393722,0.140976414685019,0.562,2000,50,0.56
"577",0.159231318393722,0.160483323121149,0.728,2000,50,0.56
"578",0.159231318393722,0.182331676682587,0.11,2000,50,0.56
"579",0.159231318393722,0.167658329428711,0.239,2000,50,0.56
"580",0.159231318393722,0.159201189971161,0.51,2000,50,0.56
"581",0.159231318393722,0.164395842431577,0.586,2000,50,0.56
"582",0.159231318393722,0.128935923043232,0.179,2000,50,0.56
"583",0.159231318393722,0.176109165796185,0.121,2000,50,0.56
"584",0.159231318393722,0.169732016132138,0.802,2000,50,0.56
"585",0.159231318393722,0.197910834894341,0.333,2000,50,0.56
"586",0.159231318393722,0.148739663781355,0.537,2000,50,0.56
"587",0.159231318393722,0.162231032065312,0.101,2000,50,0.56
"588",0.159231318393722,0.202306140274022,0.101,2000,50,0.56
"589",0.159231318393722,0.156601397889312,0.098,2000,50,0.56
"590",0.159231318393722,0.153974431482602,0.942,2000,50,0.56
"591",0.159231318393722,0.202341531710944,0.772,2000,50,0.56
"592",0.159231318393722,0.138570609175286,0.739,2000,50,0.56
"593",0.159231318393722,0.180020528383094,0.363,2000,50,0.56
"594",0.159231318393722,0.141268589232326,0.983,2000,50,0.56
"595",0.159231318393722,0.141098792278044,0.742,2000,50,0.56
"596",0.159231318393722,0.155768931821964,0.352,2000,50,0.56
"597",0.159231318393722,0.128566224210865,0.759,2000,50,0.56
"598",0.159231318393722,0.163077616209713,0.586,2000,50,0.56
"599",0.159231318393722,0.172827898012699,0.044,2000,50,0.56
"600",0.159231318393722,0.17019045697697,0.901,2000,50,0.56
"601",0.281186213949695,0.286862018177422,0.472,5300,100,0.425
"602",0.281186213949695,0.295379058853684,0.017,5300,100,0.425
"603",0.281186213949695,0.275898512055728,0.021,5300,100,0.425
"604",0.281186213949695,0.287512125778152,0.666,5300,100,0.425
"605",0.281186213949695,0.281113630746696,0.313,5300,100,0.425
"606",0.281186213949695,0.286214371077179,0.9,5300,100,0.425
"607",0.281186213949695,0.264736811016029,1,5300,100,0.425
"608",0.281186213949695,0.27547999328079,0.169,5300,100,0.425
"609",0.281186213949695,0.282729409858801,0.118,5300,100,0.425
"610",0.281186213949695,0.28099432385012,0.51,5300,100,0.425
"611",0.281186213949695,0.281326648196556,0.089,5300,100,0.425
"612",0.281186213949695,0.272834294961934,0,5300,100,0.425
"613",0.281186213949695,0.281216679257835,0.254,5300,100,0.425
"614",0.281186213949695,0.283864060309048,0.008,5300,100,0.425
"615",0.281186213949695,0.285798677765616,0.348,5300,100,0.425
"616",0.281186213949695,0.286578449308442,0.755,5300,100,0.425
"617",0.281186213949695,0.299086656672487,0.803,5300,100,0.425
"618",0.281186213949695,0.282597319146965,0.328,5300,100,0.425
"619",0.281186213949695,0.282056206245741,0.182,5300,100,0.425
"620",0.281186213949695,0.280320606667759,0.153,5300,100,0.425
"621",0.281186213949695,0.276256221149827,0.81,5300,100,0.425
"622",0.281186213949695,0.267274158118466,0.027,5300,100,0.425
"623",0.281186213949695,0.296378616099425,0.566,5300,100,0.425
"624",0.281186213949695,0.285822850131916,0.069,5300,100,0.425
"625",0.281186213949695,0.288851906542618,0.068,5300,100,0.425
"626",0.281186213949695,0.27204912248613,0.429,5300,100,0.425
"627",0.281186213949695,0.275478950394542,0.32,5300,100,0.425
"628",0.281186213949695,0.278776563094729,0.16,5300,100,0.425
"629",0.281186213949695,0.26530686550119,0.534,5300,100,0.425
"630",0.281186213949695,0.279777471554235,0.273,5300,100,0.425
"631",0.281186213949695,0.299668862454222,0.337,5300,100,0.425
"632",0.281186213949695,0.272420577721484,0.164,5300,100,0.425
"633",0.281186213949695,0.281897794795366,0.865,5300,100,0.425
"634",0.281186213949695,0.275525773738932,0.108,5300,100,0.425
"635",0.281186213949695,0.286226834302177,0.002,5300,100,0.425
"636",0.281186213949695,0.270362501561373,0.015,5300,100,0.425
"637",0.281186213949695,0.267336156457723,0.943,5300,100,0.425
"638",0.281186213949695,0.297866175305852,0.004,5300,100,0.425
"639",0.281186213949695,0.288588122730815,0.159,5300,100,0.425
"640",0.281186213949695,0.281408724150093,0.024,5300,100,0.425
"641",0.281186213949695,0.285876743612215,0.678,5300,100,0.425
"642",0.281186213949695,0.29014408853327,0.703,5300,100,0.425
"643",0.281186213949695,0.28575793961785,0.033,5300,100,0.425
"644",0.281186213949695,0.258631135217188,0.238,5300,100,0.425
"645",0.281186213949695,0.256178807557805,0.033,5300,100,0.425
"646",0.281186213949695,0.271379466387641,0.589,5300,100,0.425
"647",0.281186213949695,0.262364422383254,0.147,5300,100,0.425
"648",0.281186213949695,0.293366724973315,0.042,5300,100,0.425
"649",0.281186213949695,0.28797164137024,0.001,5300,100,0.425
"650",0.281186213949695,0.278538155117318,0.034,5300,100,0.425
"651",0.281186213949695,0.26482960729148,0.008,5300,100,0.425
"652",0.281186213949695,0.278727916805768,0.703,5300,100,0.425
"653",0.281186213949695,0.286339271027874,0.35,5300,100,0.425
"654",0.281186213949695,0.272281334261228,0.658,5300,100,0.425
"655",0.281186213949695,0.26738546319331,0.351,5300,100,0.425
"656",0.281186213949695,0.284497820856093,0.668,5300,100,0.425
"657",0.281186213949695,0.280529608750719,0.085,5300,100,0.425
"658",0.281186213949695,0.294240319030222,0.061,5300,100,0.425
"659",0.281186213949695,0.279143763902909,0.423,5300,100,0.425
"660",0.281186213949695,0.269515941986612,0.279,5300,100,0.425
"661",0.281186213949695,0.275092575256444,0.374,5300,100,0.425
"662",0.281186213949695,0.278534009342502,0.022,5300,100,0.425
"663",0.281186213949695,0.28017198936578,0.025,5300,100,0.425
"664",0.281186213949695,0.288321622732147,0.01,5300,100,0.425
"665",0.281186213949695,0.26625191506711,0.011,5300,100,0.425
"666",0.281186213949695,0.280910871947388,0.449,5300,100,0.425
"667",0.281186213949695,0.276495588253886,0.166,5300,100,0.425
"668",0.281186213949695,0.275545007325371,0.351,5300,100,0.425
"669",0.281186213949695,0.259305966984773,0.089,5300,100,0.425
"670",0.281186213949695,0.270637667801727,0.747,5300,100,0.425
"671",0.281186213949695,0.28842026869304,0.451,5300,100,0.425
"672",0.281186213949695,0.268322851269601,0.001,5300,100,0.425
"673",0.281186213949695,0.26645189257199,0.883,5300,100,0.425
"674",0.281186213949695,0.278372274104226,0.011,5300,100,0.425
"675",0.281186213949695,0.272355119121692,0.266,5300,100,0.425
"676",0.281186213949695,0.280922347056524,0.688,5300,100,0.425
"677",0.281186213949695,0.262926074775675,0.076,5300,100,0.425
"678",0.281186213949695,0.274542140529382,0.164,5300,100,0.425
"679",0.281186213949695,0.282295318312964,0.122,5300,100,0.425
"680",0.281186213949695,0.277748138047212,0.813,5300,100,0.425
"681",0.281186213949695,0.284752881748186,0.304,5300,100,0.425
"682",0.281186213949695,0.281552148796364,0.095,5300,100,0.425
"683",0.281186213949695,0.272306322393487,0.069,5300,100,0.425
"684",0.281186213949695,0.293449443144825,0.695,5300,100,0.425
"685",0.281186213949695,0.273634173508814,0.022,5300,100,0.425
"686",0.281186213949695,0.291758783383071,0.917,5300,100,0.425
"687",0.281186213949695,0.282231971191956,0.672,5300,100,0.425
"688",0.281186213949695,0.28373741163799,0.651,5300,100,0.425
"689",0.281186213949695,0.278571694888832,0.982,5300,100,0.425
"690",0.281186213949695,0.29448225986342,0.203,5300,100,0.425
"691",0.281186213949695,0.265064962095788,0.208,5300,100,0.425
"692",0.281186213949695,0.272685486577525,0.241,5300,100,0.425
"693",0.281186213949695,0.288560818073984,0.001,5300,100,0.425
"694",0.281186213949695,0.275839959001077,0.961,5300,100,0.425
"695",0.281186213949695,0.300667817402945,0.031,5300,100,0.425
"696",0.281186213949695,0.272664861157174,0.328,5300,100,0.425
"697",0.281186213949695,0.281902813858006,0.034,5300,100,0.425
"698",0.281186213949695,0.301609048444561,0.382,5300,100,0.425
"699",0.281186213949695,0.282042087954453,0.563,5300,100,0.425
"700",0.281186213949695,0.283241250337352,0.898,5300,100,0.425
"701",0.953179207164794,0.950905612627064,0.001,4200,10,0.88
"702",0.953179207164794,0.934630267991211,0.007,4200,10,0.88
"703",0.953179207164794,0.960508325220744,0.003,4200,10,0.88
"704",0.953179207164794,0.95236911965385,0,4200,10,0.88
"705",0.953179207164794,0.948787195021903,0.013,4200,10,0.88
"706",0.953179207164794,0.963774292815833,0.001,4200,10,0.88
"707",0.953179207164794,0.942524710514852,0.052,4200,10,0.88
"708",0.953179207164794,0.948494891597153,0.002,4200,10,0.88
"709",0.953179207164794,0.957224921502959,0,4200,10,0.88
"710",0.953179207164794,0.947919783848627,0.001,4200,10,0.88
"711",0.953179207164794,0.946529542051946,0.004,4200,10,0.88
"712",0.953179207164794,0.953400999305324,0,4200,10,0.88
"713",0.953179207164794,0.949161891121805,0.004,4200,10,0.88
"714",0.953179207164794,0.947035239808323,0.021,4200,10,0.88
"715",0.953179207164794,0.93417661130035,0.01,4200,10,0.88
"716",0.953179207164794,0.94274698681269,0.001,4200,10,0.88
"717",0.953179207164794,0.952647291868114,0.001,4200,10,0.88
"718",0.953179207164794,0.939224228786768,0.003,4200,10,0.88
"719",0.953179207164794,0.946971948971429,0,4200,10,0.88
"720",0.953179207164794,0.945325826077497,0.009,4200,10,0.88
"721",0.953179207164794,0.944843402806698,0.012,4200,10,0.88
"722",0.953179207164794,0.942506122506871,0.001,4200,10,0.88
"723",0.953179207164794,0.946508941332609,0,4200,10,0.88
"724",0.953179207164794,0.947299459336073,0.001,4200,10,0.88
"725",0.953179207164794,0.945271949216373,0.002,4200,10,0.88
"726",0.953179207164794,0.950405248526575,0.002,4200,10,0.88
"727",0.953179207164794,0.954606646532882,0.001,4200,10,0.88
"728",0.953179207164794,0.950307566339575,0,4200,10,0.88
"729",0.953179207164794,0.943886535977324,0.001,4200,10,0.88
"730",0.953179207164794,0.952200907073105,0,4200,10,0.88
"731",0.953179207164794,0.954540053643641,0.011,4200,10,0.88
"732",0.953179207164794,0.961889381932726,0.002,4200,10,0.88
"733",0.953179207164794,0.958472841961749,0,4200,10,0.88
"734",0.953179207164794,0.937850422920321,0.012,4200,10,0.88
"735",0.953179207164794,0.952416685914006,0.001,4200,10,0.88
"736",0.953179207164794,0.936331962378162,0.001,4200,10,0.88
"737",0.953179207164794,0.945596880751224,0.001,4200,10,0.88
"738",0.953179207164794,0.944682861894506,0,4200,10,0.88
"739",0.953179207164794,0.951605596092429,0,4200,10,0.88
"740",0.953179207164794,0.965967432764573,0.002,4200,10,0.88
"741",0.953179207164794,0.955517843018218,0,4200,10,0.88
"742",0.953179207164794,0.949404259622583,0,4200,10,0.88
"743",0.953179207164794,0.942864010667304,0,4200,10,0.88
"744",0.953179207164794,0.957365105687293,0,4200,10,0.88
"745",0.953179207164794,0.963257418250793,0,4200,10,0.88
"746",0.953179207164794,0.937747916398297,0,4200,10,0.88
"747",0.953179207164794,0.952567982752845,0.001,4200,10,0.88
"748",0.953179207164794,0.946269772156496,0.008,4200,10,0.88
"749",0.953179207164794,0.950558275161319,0.002,4200,10,0.88
"750",0.953179207164794,0.956329365668287,0.004,4200,10,0.88
"751",0.953179207164794,0.949807955062786,0,4200,10,0.88
"752",0.953179207164794,0.937584904395277,0,4200,10,0.88
"753",0.953179207164794,0.959511169197362,0.018,4200,10,0.88
"754",0.953179207164794,0.937991905258178,0.001,4200,10,0.88
"755",0.953179207164794,0.953477989261402,0,4200,10,0.88
"756",0.953179207164794,0.955375417408346,0.037,4200,10,0.88
"757",0.953179207164794,0.955437959555438,0.006,4200,10,0.88
"758",0.953179207164794,0.96276061734817,0.001,4200,10,0.88
"759",0.953179207164794,0.956888144342206,0.002,4200,10,0.88
"760",0.953179207164794,0.942692219914932,0,4200,10,0.88
"761",0.953179207164794,0.955253533455185,0.001,4200,10,0.88
"762",0.953179207164794,0.940236352539847,0,4200,10,0.88
"763",0.953179207164794,0.962507335589264,0.005,4200,10,0.88
"764",0.953179207164794,0.936195723593123,0,4200,10,0.88
"765",0.953179207164794,0.961659097674025,0,4200,10,0.88
"766",0.953179207164794,0.943085579393879,0.004,4200,10,0.88
"767",0.953179207164794,0.949432290503031,0.008,4200,10,0.88
"768",0.953179207164794,0.947973021611971,0.03,4200,10,0.88
"769",0.953179207164794,0.94410462096285,0,4200,10,0.88
"770",0.953179207164794,0.953588280307838,0.001,4200,10,0.88
"771",0.953179207164794,0.946149549493276,0.001,4200,10,0.88
"772",0.953179207164794,0.941796421891946,0.004,4200,10,0.88
"773",0.953179207164794,0.956234854947219,0,4200,10,0.88
"774",0.953179207164794,0.961901375500241,0,4200,10,0.88
"775",0.953179207164794,0.936016934232915,0.006,4200,10,0.88
"776",0.953179207164794,0.944155212324077,0.059,4200,10,0.88
"777",0.953179207164794,0.963920835605453,0.001,4200,10,0.88
"778",0.953179207164794,0.951966657065341,0.001,4200,10,0.88
"779",0.953179207164794,0.944523936143427,0.002,4200,10,0.88
"780",0.953179207164794,0.957574643183724,0.005,4200,10,0.88
"781",0.953179207164794,0.93953190893607,0.021,4200,10,0.88
"782",0.953179207164794,0.95223209853111,0.051,4200,10,0.88
"783",0.953179207164794,0.937558306839915,0.003,4200,10,0.88
"784",0.953179207164794,0.954186307582638,0.002,4200,10,0.88
"785",0.953179207164794,0.961824870356923,0.005,4200,10,0.88
"786",0.953179207164794,0.960609992449392,0,4200,10,0.88
"787",0.953179207164794,0.950796576924409,0,4200,10,0.88
"788",0.953179207164794,0.952597112320386,0.006,4200,10,0.88
"789",0.953179207164794,0.95470119902452,0,4200,10,0.88
"790",0.953179207164794,0.961348144440902,0,4200,10,0.88
"791",0.953179207164794,0.951696869843626,0,4200,10,0.88
"792",0.953179207164794,0.955273336267176,0.026,4200,10,0.88
"793",0.953179207164794,0.957584623652358,0.001,4200,10,0.88
"794",0.953179207164794,0.940328850106555,0.001,4200,10,0.88
"795",0.953179207164794,0.960339454176033,0.002,4200,10,0.88
"796",0.953179207164794,0.954559830839439,0.008,4200,10,0.88
"797",0.953179207164794,0.940768479359312,0.005,4200,10,0.88
"798",0.953179207164794,0.953878525159237,0.011,4200,10,0.88
"799",0.953179207164794,0.957078451053025,0,4200,10,0.88
"800",0.953179207164794,0.949164363759211,0.008,4200,10,0.88
"801",0.187757652951404,0.26776586009945,0.712,9200,10,0.88
"802",0.187757652951404,0.190666556014296,0.607,9200,10,0.88
"803",0.187757652951404,0.23114132888414,0.188,9200,10,0.88
"804",0.187757652951404,0.223358007196455,0.246,9200,10,0.88
"805",0.187757652951404,0.147865032990193,0.824,9200,10,0.88
"806",0.187757652951404,0.12478924053263,0.527,9200,10,0.88
"807",0.187757652951404,0.0564656916593546,0.043,9200,10,0.88
"808",0.187757652951404,0.151586894998801,0.966,9200,10,0.88
"809",0.187757652951404,0.28468026507904,0.487,9200,10,0.88
"810",0.187757652951404,0.144638503696985,0.543,9200,10,0.88
"811",0.187757652951404,0.108031046488826,0.853,9200,10,0.88
"812",0.187757652951404,0.251491518458221,0.633,9200,10,0.88
"813",0.187757652951404,0.0948210230090032,0.904,9200,10,0.88
"814",0.187757652951404,-0.0206958998148578,0.207,9200,10,0.88
"815",0.187757652951404,0.308949694010848,0.179,9200,10,0.88
"816",0.187757652951404,0.0473916712817821,0.762,9200,10,0.88
"817",0.187757652951404,0.1556636949373,0.277,9200,10,0.88
"818",0.187757652951404,0.178425787616127,0.106,9200,10,0.88
"819",0.187757652951404,0.213153183640629,0.263,9200,10,0.88
"820",0.187757652951404,0.177011314625779,0.74,9200,10,0.88
"821",0.187757652951404,0.0486688882290051,0.229,9200,10,0.88
"822",0.187757652951404,0.0207352738495538,0.316,9200,10,0.88
"823",0.187757652951404,0.273386407032466,0.456,9200,10,0.88
"824",0.187757652951404,0.162948743628801,0.105,9200,10,0.88
"825",0.187757652951404,0.106608109689099,0.921,9200,10,0.88
"826",0.187757652951404,0.375764835804025,0.17,9200,10,0.88
"827",0.187757652951404,0.0715649552566249,0.12,9200,10,0.88
"828",0.187757652951404,0.00544786084624571,0.5,9200,10,0.88
"829",0.187757652951404,0.00293269353253384,0.264,9200,10,0.88
"830",0.187757652951404,-0.0558881943083954,0.85,9200,10,0.88
"831",0.187757652951404,0.0305468256085235,0.563,9200,10,0.88
"832",0.187757652951404,0.164447252041384,0.842,9200,10,0.88
"833",0.187757652951404,0.32973044350513,0.197,9200,10,0.88
"834",0.187757652951404,0.299069996722407,0.321,9200,10,0.88
"835",0.187757652951404,0.173249232308334,0.186,9200,10,0.88
"836",0.187757652951404,0.288738650118791,0.621,9200,10,0.88
"837",0.187757652951404,0.0769817229821042,0.153,9200,10,0.88
"838",0.187757652951404,-0.066694635879748,0.618,9200,10,0.88
"839",0.187757652951404,0.236714969005828,0.091,9200,10,0.88
"840",0.187757652951404,0.22323562094214,0.005,9200,10,0.88
"841",0.187757652951404,0.136678579170331,0.957,9200,10,0.88
"842",0.187757652951404,0.131349610653045,0.24,9200,10,0.88
"843",0.187757652951404,0.203612659151707,0.024,9200,10,0.88
"844",0.187757652951404,0.108189582703567,0.268,9200,10,0.88
"845",0.187757652951404,0.0154798287604471,0.185,9200,10,0.88
"846",0.187757652951404,0.247405605568854,0.069,9200,10,0.88
"847",0.187757652951404,0.257751937478253,0.51,9200,10,0.88
"848",0.187757652951404,0.219846920879449,0.875,9200,10,0.88
"849",0.187757652951404,0.133698358931076,0.698,9200,10,0.88
"850",0.187757652951404,0.0648894679267149,0.57,9200,10,0.88
"851",0.187757652951404,0.18963913834257,0.315,9200,10,0.88
"852",0.187757652951404,0.0438386992710544,0.822,9200,10,0.88
"853",0.187757652951404,0.177993962180968,0.14,9200,10,0.88
"854",0.187757652951404,0.110003185563361,0.837,9200,10,0.88
"855",0.187757652951404,0.210469697514723,0.629,9200,10,0.88
"856",0.187757652951404,0.268171957631481,0.526,9200,10,0.88
"857",0.187757652951404,0.178225809062389,0.907,9200,10,0.88
"858",0.187757652951404,0.0323134347867347,0.068,9200,10,0.88
"859",0.187757652951404,0.166047190285183,0.182,9200,10,0.88
"860",0.187757652951404,0.17488183673017,0.392,9200,10,0.88
"861",0.187757652951404,0.269030695250274,0.852,9200,10,0.88
"862",0.187757652951404,0.0947349803727192,0.121,9200,10,0.88
"863",0.187757652951404,0.0948363450348171,0.698,9200,10,0.88
"864",0.187757652951404,0.00997950298825241,0.991,9200,10,0.88
"865",0.187757652951404,0.0985776683763172,0.544,9200,10,0.88
"866",0.187757652951404,0.179442349395724,0.734,9200,10,0.88
"867",0.187757652951404,0.288424297626925,0.808,9200,10,0.88
"868",0.187757652951404,0.170074529832852,0.417,9200,10,0.88
"869",0.187757652951404,0.197128488546961,0.855,9200,10,0.88
"870",0.187757652951404,0.151941274490411,0.804,9200,10,0.88
"871",0.187757652951404,0.284262435562229,0.292,9200,10,0.88
"872",0.187757652951404,0.179968459239739,0.048,9200,10,0.88
"873",0.187757652951404,0.102253172105147,0.293,9200,10,0.88
"874",0.187757652951404,0.136090037312243,0.62,9200,10,0.88
"875",0.187757652951404,0.350054828308688,0.89,9200,10,0.88
"876",0.187757652951404,-0.100368325032591,0.072,9200,10,0.88
"877",0.187757652951404,0.187091548948139,0.339,9200,10,0.88
"878",0.187757652951404,0.216269464391652,0.178,9200,10,0.88
"879",0.187757652951404,0.19456517485299,0.31,9200,10,0.88
"880",0.187757652951404,0.050595778928512,0.319,9200,10,0.88
"881",0.187757652951404,0.000753705005486914,0.728,9200,10,0.88
"882",0.187757652951404,0.241509562661496,0.823,9200,10,0.88
"883",0.187757652951404,0.220317850635795,0.864,9200,10,0.88
"884",0.187757652951404,0.106534746857882,0.645,9200,10,0.88
"885",0.187757652951404,0.0741395883011236,0.457,9200,10,0.88
"886",0.187757652951404,0.140152134585188,0.945,9200,10,0.88
"887",0.187757652951404,0.28398944725537,0.975,9200,10,0.88
"888",0.187757652951404,0.147261033556462,0.039,9200,10,0.88
"889",0.187757652951404,0.387454415026222,0.015,9200,10,0.88
"890",0.187757652951404,0.184658767102759,0.928,9200,10,0.88
"891",0.187757652951404,0.011202335178905,0.395,9200,10,0.88
"892",0.187757652951404,0.0378160024710188,0.467,9200,10,0.88
"893",0.187757652951404,0.14073358741455,0.095,9200,10,0.88
"894",0.187757652951404,0.264156088934824,0.908,9200,10,0.88
"895",0.187757652951404,-0.0144167392844617,0.752,9200,10,0.88
"896",0.187757652951404,0.279048277898725,0.262,9200,10,0.88
"897",0.187757652951404,-0.0851745430428815,0.941,9200,10,0.88
"898",0.187757652951404,0.1466786404482,0.185,9200,10,0.88
"899",0.187757652951404,0.275267348374563,0.359,9200,10,0.88
"900",0.187757652951404,0.277693608321479,0.646,9200,10,0.88
"901",0.274586636805907,0.274196719153286,0.211,1200,100,0.425
"902",0.274586636805907,0.282113600488141,0.958,1200,100,0.425
"903",0.274586636805907,0.282276927681183,0.038,1200,100,0.425
"904",0.274586636805907,0.27852192294432,0.831,1200,100,0.425
"905",0.274586636805907,0.281696633696339,0.298,1200,100,0.425
"906",0.274586636805907,0.281999440489121,0.003,1200,100,0.425
"907",0.274586636805907,0.26881040324453,0.181,1200,100,0.425
"908",0.274586636805907,0.2638675506819,0.013,1200,100,0.425
"909",0.274586636805907,0.267101045192644,0.258,1200,100,0.425
"910",0.274586636805907,0.278962599803614,0.5,1200,100,0.425
"911",0.274586636805907,0.264628811849347,0.149,1200,100,0.425
"912",0.274586636805907,0.275683000758043,0.72,1200,100,0.425
"913",0.274586636805907,0.276659879893872,0.039,1200,100,0.425
"914",0.274586636805907,0.262993723445487,0.029,1200,100,0.425
"915",0.274586636805907,0.255389590263088,0.018,1200,100,0.425
"916",0.274586636805907,0.266676514007902,0.018,1200,100,0.425
"917",0.274586636805907,0.266011616424418,0.574,1200,100,0.425
"918",0.274586636805907,0.274461435468128,0.512,1200,100,0.425
"919",0.274586636805907,0.271119910512027,0.675,1200,100,0.425
"920",0.274586636805907,0.27063349289727,0.162,1200,100,0.425
"921",0.274586636805907,0.261345098140376,0.822,1200,100,0.425
"922",0.274586636805907,0.25108631260885,0.378,1200,100,0.425
"923",0.274586636805907,0.272383039969342,0.011,1200,100,0.425
"924",0.274586636805907,0.270003903366298,0.531,1200,100,0.425
"925",0.274586636805907,0.273491600697177,0.078,1200,100,0.425
"926",0.274586636805907,0.275499947081704,0.083,1200,100,0.425
"927",0.274586636805907,0.276238934601562,0.032,1200,100,0.425
"928",0.274586636805907,0.272123079766375,0.484,1200,100,0.425
"929",0.274586636805907,0.263150127831477,0.009,1200,100,0.425
"930",0.274586636805907,0.267653988024101,0.299,1200,100,0.425
"931",0.274586636805907,0.270852070112644,0.251,1200,100,0.425
"932",0.274586636805907,0.276851402504833,0.352,1200,100,0.425
"933",0.274586636805907,0.267771798111475,0.375,1200,100,0.425
"934",0.274586636805907,0.260777516956,0.02,1200,100,0.425
"935",0.274586636805907,0.272366273262799,0.05,1200,100,0.425
"936",0.274586636805907,0.258325140955231,0.741,1200,100,0.425
"937",0.274586636805907,0.260995701814945,0.389,1200,100,0.425
"938",0.274586636805907,0.285686883894409,0.159,1200,100,0.425
"939",0.274586636805907,0.254919508938745,0.085,1200,100,0.425
"940",0.274586636805907,0.264741010874663,0.116,1200,100,0.425
"941",0.274586636805907,0.284900029568449,0.004,1200,100,0.425
"942",0.274586636805907,0.283788013971617,0.302,1200,100,0.425
"943",0.274586636805907,0.274954701290668,0.332,1200,100,0.425
"944",0.274586636805907,0.27551604569495,0.778,1200,100,0.425
"945",0.274586636805907,0.267428066129173,0.776,1200,100,0.425
"946",0.274586636805907,0.263987025337655,0.648,1200,100,0.425
"947",0.274586636805907,0.288514964311298,0.754,1200,100,0.425
"948",0.274586636805907,0.276602402567981,0.218,1200,100,0.425
"949",0.274586636805907,0.285779646427303,0.315,1200,100,0.425
"950",0.274586636805907,0.261943436561347,0.264,1200,100,0.425
"951",0.274586636805907,0.269229204590358,0.158,1200,100,0.425
"952",0.274586636805907,0.276986815941763,0.264,1200,100,0.425
"953",0.274586636805907,0.274844594339738,0.94,1200,100,0.425
"954",0.274586636805907,0.260039919927139,0.771,1200,100,0.425
"955",0.274586636805907,0.27811203816221,0.214,1200,100,0.425
"956",0.274586636805907,0.28799016301781,0.367,1200,100,0.425
"957",0.274586636805907,0.275468169153954,0.314,1200,100,0.425
"958",0.274586636805907,0.289691713742897,0.414,1200,100,0.425
"959",0.274586636805907,0.262790176913454,0.313,1200,100,0.425
"960",0.274586636805907,0.27523905161895,0.124,1200,100,0.425
"961",0.274586636805907,0.270712222255695,0.865,1200,100,0.425
"962",0.274586636805907,0.265699312524144,0.264,1200,100,0.425
"963",0.274586636805907,0.267967724685208,0.727,1200,100,0.425
"964",0.274586636805907,0.270898419419218,0.542,1200,100,0.425
"965",0.274586636805907,0.268483476450475,0.188,1200,100,0.425
"966",0.274586636805907,0.263627294991775,0.002,1200,100,0.425
"967",0.274586636805907,0.270409706159195,0.805,1200,100,0.425
"968",0.274586636805907,0.28806707906431,0.161,1200,100,0.425
"969",0.274586636805907,0.278143940457027,0.4,1200,100,0.425
"970",0.274586636805907,0.278272665624052,0.014,1200,100,0.425
"971",0.274586636805907,0.260548240670428,0.308,1200,100,0.425
"972",0.274586636805907,0.262262907079515,0.445,1200,100,0.425
"973",0.274586636805907,0.259818339184258,0.18,1200,100,0.425
"974",0.274586636805907,0.275258812781056,0.552,1200,100,0.425
"975",0.274586636805907,0.27843618956278,0.12,1200,100,0.425
"976",0.274586636805907,0.27414531855017,0.163,1200,100,0.425
"977",0.274586636805907,0.282223055513654,0.054,1200,100,0.425
"978",0.274586636805907,0.283593371878191,0.261,1200,100,0.425
"979",0.274586636805907,0.278388237002519,0.049,1200,100,0.425
"980",0.274586636805907,0.286583229362153,0.705,1200,100,0.425
"981",0.274586636805907,0.284218681389133,0.063,1200,100,0.425
"982",0.274586636805907,0.273706390870773,0.05,1200,100,0.425
"983",0.274586636805907,0.277515526374713,0.18,1200,100,0.425
"984",0.274586636805907,0.298741316837815,0.431,1200,100,0.425
"985",0.274586636805907,0.290244196569937,0.259,1200,100,0.425
"986",0.274586636805907,0.270857586967682,0.213,1200,100,0.425
"987",0.274586636805907,0.290933697744715,0.001,1200,100,0.425
"988",0.274586636805907,0.28033705851742,0.399,1200,100,0.425
"989",0.274586636805907,0.282259436776894,0.344,1200,100,0.425
"990",0.274586636805907,0.272771276402184,0.201,1200,100,0.425
"991",0.274586636805907,0.265517200596281,0.337,1200,100,0.425
"992",0.274586636805907,0.269338496086456,0.004,1200,100,0.425
"993",0.274586636805907,0.277597202599478,0.593,1200,100,0.425
"994",0.274586636805907,0.2837124372189,0.183,1200,100,0.425
"995",0.274586636805907,0.291078276206318,0.147,1200,100,0.425
"996",0.274586636805907,0.273828377248483,0.38,1200,100,0.425
"997",0.274586636805907,0.259554526319199,0.07,1200,100,0.425
"998",0.274586636805907,0.279831825466679,0.009,1200,100,0.425
"999",0.274586636805907,0.286728024732873,0.071,1200,100,0.425
"1000",0.274586636805907,0.259008796946247,0.335,1200,100,0.425
